chroma_stft,spectral_centroid,spectral_bandwidth,spectral_rolloff,rms,zero_crossing_rate
0.27130514,2417.3087168080956,3123.3642964156243,4999.371744791667,0.09956731,0.04912471064814815
0.20157845,1339.314769840607,1626.524479419504,1893.852850731383,0.1344025,0.04272980385638298
0.24368906,1614.8884881489,2197.223171165565,2670.353816105769,0.12796628,0.04036905477335165
0.29871082,2249.237066139705,4265.827169640171,4676.501721833882,0.026824258,0.024848375822368422
0.29868472,3053.3440100493026,4713.495913499301,6148.939571325648,0.017292462,0.048611423811239195
